{"I+N19r96A1WaxxseAL19Sw==":"bracket-122x91.png","fss50IMkZpFl3MzMPP2Qyw==":"design-676x269.jpg","bmhhfX1Ahfvb7jODo/HemA==":"coding-246x205.png","J8oQr6JAiDhotGiJclzPyQ==":"website2-676x507.jpg","8n9Fj0WxpFjvCHFwE7rJsA==":"website-164x164.jpg","KPR9Mip2DpsQ+ocLnqG5Aw==":"metal-1920x1080.jpg","hZxwFGb5SkOOiGlPaVR1JA==":"dev2-1920x1080.jpg","F/SjI0BT8YKHadOXEE9Vkg==":"dev-340x148.jpg","9KEZ+sqxQ6WixcvTlW2BPQ==":"dev-1920x1080.png","xklGoOFE459u8Jes2LrHKw==":"cables-1920x1080.png","N8PKveDWUO7QGiX+DKBycQ==":"pexels5-2000x1333.jpg","1dM9CQFMw5PxvF1Xoab3bA==":"website-192x192.jpg","o66JalLJf+zTGv30TyC/wQ==":"pexels2-2000x1333.jpg","jgOgSSpw+zbFXzBIxUm0wg==":"pexels-2000x1333.jpg","fQ2oEZGBjc7C9iYOXn1pSw==":"face3.jpg","FxHVG0CVgP/F7JHP8qyd3Q==":"face2.jpg","pa5Dkwo/T1qgW/t0h+fQvA==":"background5.jpg","UAc7kepzJPkrSn4uqTRvmw==":"background4.jpg"}